4,2,1,2,10,13,12,13,16,21,21,7,0,0,0,0,0,0,0,1,4,4,5,2,0,0,0,0,0,0,0,0,0,0,0,0,1,6,6,2,1,0,0,0,8,21,17,7,15,25,26,22,8,17,20,8,2,4,96,95,5,7,8,6,2,2,7,7,6,0,0,1,1,0,0,0,0,0,0,0,0,0,0,1,1,1,0,0,0,0,0,0,0,1,3,2,0,0,0,0,0,0,6,59,60,8,2,1,0,0,1,1,0,0,12,33,45,34,13,3,23,22,1,2,3,2,1,0,1,1,2,3,1,2,1,1,0,0,0,0,0,0,1,1,0,0,0,0,0,0,0,0,0,0,1,1,1,1,3,2,0,1,1,1,1,0,0,0,0,0,0,0,0,0,0,0,0,0,1,2,1,0,1,10,16
0,0,0,2,3,22,22,12,12,8,5,0,0,3,3,0,0,0,0,0,0,1,1,0,10,13,3,0,0,4,10,12,8,2,0,0,3,7,4,0,0,1,1,0,9,17,12,10,18,15,26,17,0,0,4,4,2,3,2,0,1,4,3,0,0,0,0,0,0,0,1,2,1,0,0,1,4,4,6,6,6,1,3,4,2,0,0,0,0,0,0,0,0,2,4,2,0,0,0,0,0,5,12,60,57,5,1,0,0,0,0,0,0,0,8,21,21,15,13,14,18,16,2,5,5,6,8,8,13,12,30,39,34,11,5,8,3,0,0,0,0,0,1,1,0,0,0,0,0,1,1,1,0,1,2,3,3,2,3,2,0,1,1,0,0,0,0,0,0,0,0,0,0,0,0,0,1,1,0,1,1,1,3,18,23
0,0,0,0,5,13,11,5,4,3,1,1,2,5,4,3,0,0,0,3,3,1,1,1,11,13,3,0,0,4,8,12,8,3,7,6,2,2,0,0,0,1,1,0,0,0,0,0,2,3,1,0,0,0,9,12,4,3,3,1,1,0,0,0,0,0,0,0,0,0,0,0,0,0,0,0,0,1,6,7,6,0,1,1,0,0,0,0,0,0,0,0,0,1,1,1,0,0,0,0,0,6,7,1,0,0,0,0,0,0,0,0,0,0,0,0,0,0,0,0,0,8,9,4,3,13,20,14,9,7,17,24,21,17,13,7,2,0,0,0,0,0,3,3,0,0,0,0,0,1,1,1,0,1,4,8,8,3,3,3,0,0,0,0,0,0,0,0,0,0,0,0,0,0,0,0,1,3,3,1,0,2,3,1,1
1,1,0,0,12,16,19,21,18,7,4,4,1,1,0,1,1,0,0,6,6,0,2,4,2,0,0,1,1,1,0,2,2,1,8,7,2,3,1,0,0,0,0,0,0,0,0,0,0,0,0,0,0,0,0,1,4,3,3,1,1,0,0,0,0,0,0,2,5,3,0,0,0,0,0,0,0,0,0,1,1,0,0,0,0,0,0,0,0,0,0,0,0,2,4,4,0,1,1,0,0,1,1,2,2,0,0,0,0,1,1,3,2,4,2,0,0,0,0,0,0,8,9,1,0,0,4,9,9,5,0,2,8,9,8,7,1,0,0,0,1,3,4,2,0,0,4,4,4,2,2,4,18,41,47,24,6,2,3,3,0,0,0,1,2,2,1,0,0,0,0,0,0,0,1,15,22,8,1,1,0,1,2,1,0
1,1,1,12,38,38,17,22,24,11,8,3,3,0,0,1,1,1,1,1,1,0,2,4,2,2,0,1,1,3,25,23,2,1,1,1,1,2,1,0,0,0,0,0,0,0,0,0,0,0,0,0,0,0,0,0,0,0,0,0,0,0,0,1,1,0,0,0,3,3,0,0,0,0,0,0,0,0,0,0,0,0,0,0,0,0,0,0,0,0,0,0,0,0,2,2,0,0,0,0,0,0,0,1,1,2,4,7,11,9,6,0,0,1,1,0,0,0,0,0,0,0,14,14,9,1,1,3,3,4,1,2,8,9,15,16,3,0,0,1,5,6,2,0,1,2,2,1,2,3,6,29,66,76,45,14,8,4,0,0,0,0,0,1,2,2,1,0,0,0,0,0,0,0,1,16,23,8,1,1,0,0,1,1,1
12,7,2,15,31,17,5,14,21,21,14,7,5,8,8,0,0,1,1,0,0,0,0,0,0,0,0,1,3,4,15,14,5,4,0,0,1,1,1,1,1,0,0,0,0,0,0,0,0,0,0,0,0,0,0,0,0,0,0,0,0,0,0,0,0,1,1,0,0,0,0,0,0,0,0,0,0,0,0,0,0,0,0,0,0,0,0,0,0,0,0,0,0,0,0,0,0,1,1,0,0,0,0,0,0,3,3,3,0,0,0,0,0,0,0,0,0,0,1,2,3,3,9,9,10,2,2,0,1,1,0,0,0,1,14,33,33,21,12,5,5,4,2,2,2,3,3,1,1,1,0,0,5,10,5,3,8,5,2,1,0,0,0,0,0,0,0,0,0,1,1,0,0,0,3,3,0,0,0,1,1,1,0,0,0
13,9,2,2,2,1,1,1,1,7,6,3,20,30,13,0,0,0,0,0,0,0,0,1,1,0,0,1,3,2,0,0,2,2,1,1,1,0,0,0,0,0,0,0,0,0,0,0,0,0,0,0,0,7,7,7,0,0,0,0,0,0,0,0,1,2,1,0,1,1,1,0,0,0,0,0,0,0,0,0,0,1,1,0,0,1,1,2,1,0,0,0,0,1,1,0,0,1,1,0,0,0,0,0,0,0,1,1,0,0,0,0,2,2,2,2,0,3,3,0,0,0,0,1,1,0,0,0,0,0,0,0,1,1,5,9,17,24,15,10,4,5,6,5,1,1,2,1,0,1,1,0,0,0,0,1,3,3,3,2,0,0,0,0,0,0,0,0,0,0,0,0,0,2,4,4,1,4,3,6,3,7,6,3,1
2,3,2,2,0,0,2,2,0,1,1,5,5,1,1,0,0,0,0,0,8,10,3,3,2,0,0,0,0,0,0,0,0,0,1,1,1,0,3,4,1,0,0,0,0,0,0,0,0,0,0,0,0,0,0,0,0,0,0,0,0,0,0,0,0,0,2,2,3,2,1,0,0,0,0,0,0,0,1,1,0,1,1,1,0,0,0,1,2,1,0,0,0,2,2,0,0,0,0,0,0,0,0,0,0,0,0,0,0,0,0,0,2,9,10,3,1,8,8,4,0,0,0,1,1,0,0,0,0,0,0,0,1,1,0,0,1,3,4,6,9,38,43,15,2,0,0,0,0,0,0,0,0,0,0,0,5,6,6,1,0,0,0,0,0,0,0,12,14,2,0,0,2,2,2,2,4,14,14,10,0,4,6,3,1
1,2,8,9,2,1,2,1,1,2,1,4,4,2,2,2,1,0,0,0,8,10,2,1,1,0,0,0,0,0,0,0,0,0,2,2,0,0,3,4,1,7,11,4,0,0,0,0,0,0,0,0,0,0,0,0,0,0,0,0,0,0,1,2,2,2,1,2,3,1,0,0,0,0,0,0,0,0,1,1,0,0,0,1,1,0,0,0,1,4,4,2,1,3,2,0,0,0,0,0,0,0,0,0,0,0,0,0,0,0,0,2,5,10,8,5,5,4,3,2,0,0,0,0,0,0,0,1,1,0,0,0,0,0,0,0,0,0,0,1,6,33,37,9,1,0,0,0,0,0,1,1,0,1,1,2,5,6,4,2,1,0,0,0,0,0,0,10,10,0,0,0,1,1,0,0,3,13,13,10,0,0,0,0,0
0,1,14,17,12,10,2,0,1,49,49,4,3,4,2,2,1,0,0,0,0,0,0,0,0,0,0,0,0,0,0,0,0,1,5,4,2,2,0,0,0,7,9,2,0,0,0,0,0,0,0,0,6,6,0,1,1,0,0,0,0,0,0,7,10,6,2,0,0,0,1,1,0,0,0,0,0,1,1,1,0,0,0,1,2,10,9,0,1,4,4,5,4,4,4,0,0,0,0,0,0,0,0,0,0,0,0,0,0,0,0,0,0,1,1,2,1,1,2,2,0,0,0,0,0,0,0,1,6,5,0,0,0,0,0,0,0,0,1,8,7,2,5,3,0,0,0,0,0,0,1,1,0,1,1,1,2,2,0,0,0,0,0,2,2,0,0,0,0,0,0,0,1,3,3,3,1,0,0,0,0,0,1,1,0
0,0,1,1,8,9,1,1,1,7,7,10,3,3,0,0,0,0,0,0,0,0,0,0,0,0,0,0,0,0,0,0,0,1,1,0,0,0,0,0,0,0,0,0,0,0,0,0,0,0,0,0,0,0,0,0,0,2,2,2,0,0,0,6,10,5,1,0,0,1,2,2,1,0,1,1,1,1,2,2,0,0,0,1,2,21,20,0,1,2,1,0,0,0,0,1,1,0,0,0,0,0,1,1,2,4,2,0,0,0,0,1,1,1,0,0,1,1,0,0,0,0,0,0,0,0,0,0,2,2,0,0,0,0,0,0,0,0,0,7,10,4,1,0,2,2,0,0,0,3,11,11,8,1,4,8,20,24,15,6,17,27,14,6,2,0,0,0,0,0,2,2,2,2,2,3,1,0,0,1,4,3,0,0,0
0,0,0,0,1,1,0,1,1,1,1,1,0,0,0,0,0,0,0,0,0,0,0,0,0,0,0,0,0,5,5,0,0,0,0,0,1,1,0,1,1,1,0,0,0,0,0,0,0,0,0,0,0,0,0,0,0,0,0,0,3,3,0,0,0,1,1,0,0,0,0,3,3,4,3,3,1,0,1,1,0,0,0,3,5,13,11,0,0,0,0,0,0,0,0,1,1,0,3,3,0,0,1,2,3,4,2,0,1,1,1,0,0,0,0,3,3,2,6,34,33,3,3,3,0,0,0,0,0,0,0,0,0,0,0,0,0,0,0,0,0,0,0,0,0,0,0,1,1,4,11,11,4,2,2,0,0,14,33,41,77,79,35,13,2,0,1,1,1,1,4,4,3,0,1,1,1,1,0,1,4,3,0,0,0
0,1,1,0,0,0,0,0,0,0,1,1,0,0,0,0,0,0,0,1,1,1,0,0,7,1,1,1,1,5,5,0,0,1,1,0,2,2,1,2,6,4,0,2,2,0,0,0,0,0,0,0,0,0,2,2,2,0,0,0,3,3,0,0,0,1,1,0,0,0,0,2,2,2,0,0,0,1,1,0,0,0,1,4,6,18,53,39,36,1,1,0,0,0,0,0,0,0,3,4,1,0,0,0,0,0,0,0,0,0,0,0,0,0,1,1,0,2,6,34,48,36,20,2,0,0,0,1,1,2,1,0,0,1,2,1,0,0,0,0,0,0,0,0,0,0,0,1,1,2,5,4,0,1,1,0,0,4,5,2,13,22,20,22,98,97,92,6,9,5,2,2,1,0,8,10,4,2,0,0,1,1,0,0,2
0,0,0,0,0,0,2,2,0,0,0,0,0,0,0,0,0,0,0,1,1,1,0,7,7,1,1,1,1,4,4,0,7,17,24,16,2,0,0,3,18,15,0,0,0,0,0,0,0,0,0,0,0,0,0,2,4,2,0,0,0,0,0,1,2,1,0,0,0,0,0,0,1,1,0,0,0,1,1,0,0,1,2,2,1,20,57,57,40,1,2,2,1,0,0,2,2,1,1,2,2,0,0,0,0,0,0,0,0,0,0,0,0,0,0,0,0,0,0,0,1,1,0,0,0,0,0,0,0,0,0,0,0,1,1,0,0,0,0,0,0,0,0,0,0,0,0,0,0,1,1,0,0,0,0,0,0,1,2,12,13,1,0,10,108,115,109,13,20,22,13,12,39,32,7,9,4,2,0,1,6,6,2,1,10
0,0,0,0,0,0,2,6,1,0,0,0,0,0,0,3,3,3,0,0,0,0,0,1,1,0,0,0,0,4,4,1,8,22,23,17,4,1,0,0,10,10,0,0,0,15,15,0,0,0,0,0,1,2,1,0,1,1,3,3,0,0,0,1,2,1,0,0,0,0,0,0,1,2,2,1,0,0,1,1,0,0,0,0,0,1,1,3,2,0,0,1,1,0,0,2,4,2,0,0,0,0,0,0,0,1,3,2,0,0,10,13,4,1,0,0,0,0,0,0,0,0,0,0,0,0,0,0,0,0,0,0,0,0,0,0,0,0,0,0,0,0,0,0,0,0,0,0,0,0,0,1,2,1,0,0,1,3,2,12,13,1,0,0,18,19,25,11,19,24,16,19,45,39,12,5,0,2,4,3,4,3,0,0,8
0,0,0,0,0,0,3,4,2,1,0,4,6,6,2,3,3,3,0,0,0,0,0,0,0,0,0,0,0,0,0,0,0,0,0,1,2,7,13,7,3,3,0,0,0,15,15,0,0,0,0,0,0,1,1,0,0,0,6,6,0,0,0,0,0,0,0,0,0,0,1,1,0,0,3,3,0,2,4,2,0,1,1,1,0,0,0,3,3,0,0,0,0,0,0,0,0,1,2,2,0,1,3,6,8,12,9,5,4,1,9,12,3,2,4,2,0,0,0,0,0,0,0,0,0,0,0,0,1,1,0,0,0,0,0,0,0,0,0,0,0,0,0,0,0,0,3,3,1,1,0,1,2,1,0,0,0,0,0,0,0,2,2,5,7,4,4,10,10,8,6,9,19,24,17,6,7,22,24,8,4,0,0,0,0
0,0,0,0,0,0,0,0,1,5,4,13,13,13,4,0,0,0,0,0,0,0,0,0,0,0,0,0,0,0,0,0,0,0,0,0,0,0,4,4,1,2,2,1,1,0,0,0,0,0,1,1,0,1,1,0,0,0,3,3,0,0,0,0,0,0,0,0,0,2,3,1,0,0,2,2,0,0,0,0,0,1,1,3,6,6,6,7,3,0,0,0,0,0,0,0,0,6,7,7,2,1,2,4,3,4,5,4,3,1,1,2,1,5,7,3,1,2,1,1,0,1,1,0,0,0,0,0,0,0,0,0,0,0,0,0,1,1,1,0,2,3,1,0,2,2,3,3,1,1,0,0,1,1,0,0,0,0,0,0,0,0,1,2,4,3,16,32,18,9,21,23,22,22,11,3,3,12,19,14,9,3,2,1,3
0,0,2,2,0,0,0,0,0,4,4,4,0,4,4,0,0,0,0,0,0,0,0,0,0,0,0,0,0,0,0,0,0,0,0,0,0,0,0,0,1,2,1,1,1,1,0,0,0,5,6,1,1,1,0,0,0,0,0,0,0,0,0,0,0,0,0,0,0,2,3,0,0,0,0,0,0,0,0,0,0,0,4,7,6,5,6,4,0,0,0,0,0,0,1,2,2,5,7,15,9,1,0,0,0,0,4,9,6,1,1,2,2,4,4,1,1,1,0,0,0,1,1,0,0,0,0,0,0,0,0,0,0,0,1,1,1,0,0,0,2,4,2,0,2,2,1,1,0,0,0,0,1,4,3,3,0,1,1,0,0,0,4,4,1,1,6,9,9,17,23,24,22,22,12,4,2,7,11,10,3,4,4,5,5
0,1,3,2,0,0,0,0,0,0,1,2,1,1,1,0,0,0,2,9,7,0,0,0,0,0,0,0,0,0,0,1,1,0,1,1,0,0,0,0,0,0,0,4,5,1,0,0,0,10,10,0,1,6,5,0,0,0,0,0,0,0,0,0,0,0,1,1,0,0,0,0,0,0,0,0,0,0,1,1,0,0,3,4,1,2,2,0,0,0,1,1,3,4,3,2,1,0,2,2,0,0,0,1,1,2,3,3,3,1,0,0,1,2,10,9,0,0,0,0,0,2,2,1,1,1,1,0,0,1,1,1,2,2,2,0,0,0,0,0,0,0,0,0,1,5,6,3,4,3,1,2,2,5,5,5,1,3,4,2,1,0,3,3,1,4,23,22,7,11,10,8,4,5,8,10,5,5,12,9,0,1,4,6,3
0,1,2,1,2,1,1,0,0,0,1,2,1,1,1,0,0,0,2,9,8,8,1,0,0,0,0,0,0,0,0,1,1,0,0,0,0,0,0,0,0,0,0,5,5,0,0,0,0,5,5,0,0,5,10,17,12,7,0,0,0,0,0,0,0,0,0,0,0,0,0,0,0,0,0,0,1,1,1,1,0,0,1,1,0,1,1,0,1,2,2,2,3,3,2,1,1,0,0,1,2,1,2,3,2,2,1,0,3,9,9,6,9,20,22,11,0,7,21,15,1,0,0,1,1,1,1,0,0,2,4,8,6,7,3,0,0,0,0,0,2,3,1,0,0,2,3,2,1,0,1,1,1,0,0,0,0,2,3,1,1,1,2,10,11,8,35,33,4,2,2,2,0,2,6,9,11,14,16,10,3,1,10,11,5
2,4,4,3,2,1,1,9,10,1,1,10,10,1,2,4,2,3,1,1,3,3,2,1,0,1,2,2,3,4,4,3,1,1,2,2,1,0,0,1,1,0,0,0,1,1,0,0,0,0,0,0,0,0,5,7,22,16,1,0,0,0,0,0,0,0,0,0,0,0,0,0,0,0,0,0,0,0,0,0,0,0,1,1,0,0,0,0,2,2,5,3,1,1,0,1,1,0,0,1,2,1,2,6,5,2,1,0,2,7,7,4,9,19,10,0,0,6,20,15,1,3,3,2,2,0,2,2,4,3,2,0,0,0,0,0,0,0,0,1,3,3,1,0,0,1,1,1,0,0,0,0,1,1,0,0,0,0,0,2,4,2,1,1,4,6,9,15,30,37,32,15,8,6,11,8,8,12,8,7,7,2,1,1,5
2,4,6,7,3,18,43,49,29,15,22,71,86,42,24,36,21,20,8,4,6,6,3,7,6,11,18,8,10,20,16,13,5,3,2,2,17,63,47,3,4,3,0,0,1,1,1,2,1,1,0,0,1,5,5,2,4,2,0,0,0,0,0,0,0,0,0,0,0,0,0,0,0,0,0,0,0,0,0,0,0,0,0,0,0,1,1,1,0,0,3,3,1,2,1,0,0,0,0,2,4,10,9,14,7,2,1,0,0,5,5,2,2,2,2,3,3,0,0,0,0,0,0,2,2,2,2,2,3,2,1,0,1,1,0,0,0,0,0,1,2,2,3,6,8,9,12,11,8,0,2,4,3,1,0,0,1,4,5,10,12,5,2,1,7,10,8,16,25,28,18,25,23,7,6,4,4,5,15,9,2,4,2,3,7
13,10,3,8,40,169,197,76,15,2,0,0,1,3,6,9,7,9,5,4,9,31,44,32,26,49,54,26,19,37,30,22,4,3,2,1,19,70,54,4,5,3,0,1,2,2,2,1,0,0,0,0,0,4,4,0,0,0,0,3,3,0,0,0,0,0,0,0,0,0,0,0,0,0,0,0,0,0,0,0,0,0,0,0,0,1,1,1,1,1,0,0,1,15,16,3,1,3,19,19,5,11,10,11,3,2,1,0,0,2,2,0,0,0,0,19,28,9,0,1,1,0,0,0,0,0,0,0,0,0,0,0,1,1,0,0,0,0,0,0,2,3,4,6,6,5,2,2,2,0,7,12,5,1,1,0,3,6,5,2,1,2,15,16,22,10,12,10,40,55,27,28,45,37,27,27,37,25,18,15,4,5,2,7,11
6,6,18,35,76,218,199,39,1,0,0,0,0,0,0,0,0,0,0,0,0,0,0,1,9,35,38,21,30,31,22,21,30,38,33,80,113,50,0,0,3,4,1,3,3,3,2,1,0,0,1,1,0,0,0,0,0,0,0,1,1,0,0,1,1,0,1,1,0,0,0,0,2,2,0,0,0,0,1,1,1,0,0,0,0,0,0,11,27,27,11,4,68,128,109,47,2,5,25,24,22,2,0,0,0,0,1,0,0,1,1,0,0,0,0,14,24,10,0,0,0,0,0,0,1,1,15,16,1,0,0,0,0,0,0,0,0,0,0,0,1,1,2,1,3,3,1,1,1,0,3,8,6,2,7,11,10,7,3,2,6,6,23,28,32,37,50,38,28,57,57,69,199,227,128,106,107,64,28,14,6,3,1,6,11
6,4,7,6,0,0,0,0,0,1,1,1,0,0,0,0,0,0,0,0,0,0,0,0,0,0,0,0,0,0,0,0,0,0,12,83,150,94,25,25,26,35,19,11,2,1,0,0,0,0,1,1,0,0,0,0,0,0,0,0,0,0,0,1,1,0,1,0,0,0,0,0,2,2,0,0,0,0,0,0,0,0,0,0,0,0,5,19,34,39,22,11,73,122,100,48,5,6,7,8,6,1,1,1,0,1,1,0,0,1,1,0,0,0,0,0,0,0,0,0,1,18,19,2,5,5,16,31,16,1,0,5,5,0,1,2,1,2,1,1,0,0,0,0,6,6,1,3,14,16,5,2,2,1,6,11,8,3,0,0,0,0,2,3,4,9,25,30,29,45,33,40,133,135,63,48,24,16,31,47,63,60,66,34,46
2,0,0,0,0,0,1,1,1,0,0,0,0,1,1,0,0,0,0,0,0,0,0,0,0,0,0,0,0,0,0,0,0,0,0,9,38,29,1,15,24,31,43,63,35,12,13,7,0,1,1,0,0,8,8,0,0,0,0,0,0,0,1,1,0,0,0,6,7,2,3,2,1,1,0,0,0,0,0,0,0,0,0,0,0,0,17,56,51,14,4,8,6,0,0,0,1,1,0,5,5,0,1,1,0,0,0,0,0,0,0,0,0,0,2,4,4,2,1,1,1,18,19,0,0,0,15,74,62,3,0,56,59,3,3,0,0,1,1,1,0,0,0,0,0,0,1,2,6,6,2,1,0,0,0,0,3,3,3,1,1,0,2,10,19,31,26,9,11,10,3,6,8,9,7,8,12,8,6,24,63,99,123,100,36
1,0,0,0,0,0,0,2,2,0,0,0,0,0,0,0,0,0,0,0,0,0,0,0,0,0,0,0,0,0,0,0,0,0,0,0,0,0,0,0,0,0,26,55,35,12,16,11,2,2,2,1,0,10,10,11,1,0,0,4,8,5,2,2,8,7,0,2,3,1,3,3,7,25,27,21,2,0,0,0,1,2,1,0,0,0,16,51,44,9,1,1,1,0,0,0,1,1,1,6,5,0,1,1,0,0,0,0,0,9,17,17,8,0,0,0,0,0,1,1,0,1,1,0,0,0,5,90,91,7,1,53,56,13,3,0,0,0,0,0,0,1,1,0,0,6,6,0,2,5,65,77,16,20,17,16,16,6,3,1,2,2,3,15,33,41,23,4,6,5,3,7,25,49,40,35,69,117,119,86,83,98,153,93,21
0,0,0,0,0,0,0,2,2,1,1,0,1,1,1,1,0,0,0,0,0,0,0,0,0,0,0,0,0,0,0,0,0,0,0,0,0,0,0,0,0,0,0,0,0,0,3,4,2,2,2,5,13,17,14,5,1,5,6,6,6,1,0,0,1,1,2,5,4,4,1,2,8,8,23,17,0,0,0,1,2,1,0,0,1,1,0,1,1,2,1,1,0,0,0,0,0,0,1,1,0,0,0,0,0,0,0,0,0,1,3,3,3,1,0,0,0,0,0,0,0,1,2,1,0,0,0,6,7,3,10,13,11,4,0,0,0,0,2,2,0,1,7,6,0,6,6,3,6,4,55,67,71,24,15,11,7,4,1,0,1,2,7,9,3,1,1,1,1,1,7,13,14,24,27,25,39,79,82,207,192,87,44,3,2
0,0,0,0,0,0,0,0,0,0,0,0,1,1,0,0,0,0,0,0,0,0,0,0,0,0,0,0,0,0,0,0,0,0,0,0,0,0,0,0,0,0,0,0,0,0,0,0,0,0,0,4,5,16,12,1,3,11,10,8,21,22,8,11,18,11,6,10,7,6,2,3,3,0,0,0,0,0,0,1,1,0,1,2,5,8,8,8,6,7,3,2,2,1,0,2,2,0,0,0,0,0,0,0,0,0,1,1,1,0,0,0,2,2,0,0,0,0,0,0,0,0,2,1,0,0,0,0,0,0,0,0,0,1,2,1,0,0,1,1,0,0,3,3,0,0,0,3,6,3,5,3,3,5,9,6,2,2,1,0,0,2,7,9,4,0,0,1,1,0,2,5,8,13,16,11,14,19,36,81,73,20,5,3,4
0,0,0,0,0,0,0,0,0,0,0,0,0,0,0,0,0,0,0,0,0,0,0,0,0,0,0,0,0,0,0,0,0,0,0,0,0,0,0,0,0,0,0,0,0,0,0,0,0,0,0,0,1,1,0,0,3,7,10,20,45,107,84,54,95,90,53,9,4,3,2,5,4,2,2,0,0,0,0,1,1,0,0,2,5,10,9,6,5,12,3,2,3,1,1,3,2,1,4,5,2,0,0,0,0,0,0,0,0,0,0,0,1,1,0,0,0,3,3,0,0,6,6,0,0,0,0,0,0,0,0,0,0,0,0,2,2,0,0,0,1,1,0,0,0,0,0,0,0,0,2,3,2,1,6,7,1,0,0,0,7,17,20,14,4,0,0,1,1,0,1,1,3,3,3,7,18,11,8,22,20,2,2,4,3
0,0,0,0,0,0,0,0,0,0,0,0,0,0,0,0,0,0,0,0,0,0,0,0,0,0,0,0,0,0,0,0,0,0,0,0,0,0,0,0,0,0,0,0,0,0,0,0,0,0,0,0,0,0,0,0,0,0,0,8,31,32,20,50,47,40,10,2,0,0,0,0,0,1,1,0,0,0,0,0,0,0,0,1,1,1,1,1,10,12,7,7,2,0,1,1,6,6,4,7,5,2,1,1,1,0,0,0,0,0,0,0,0,0,0,0,0,4,4,0,0,5,5,5,0,0,0,0,0,0,4,9,5,0,0,2,2,0,0,0,0,0,0,0,0,0,0,0,0,1,3,3,1,23,33,11,3,2,3,5,3,1,10,13,4,1,1,0,0,0,1,1,1,2,5,5,7,14,67,67,11,3,7,10,7
0,0,0,0,0,0,0,0,0,0,0,0,0,0,0,0,0,0,0,0,0,0,0,0,0,0,0,0,0,0,0,0,0,0,0,0,0,0,0,0,0,0,0,0,0,0,0,0,0,0,0,0,0,0,0,0,0,0,0,0,0,2,2,0,2,4,3,1,0,0,0,3,4,2,1,0,0,0,0,0,0,0,0,1,1,1,1,1,6,6,6,5,0,0,0,2,21,21,16,16,15,9,5,2,1,0,0,0,0,3,3,0,0,0,0,0,0,2,2,2,2,2,0,4,4,0,0,0,0,0,0,0,1,43,45,4,1,0,0,0,0,0,0,0,0,0,0,0,3,4,3,2,2,24,30,9,6,9,34,80,67,21,8,11,9,5,3,1,0,0,2,4,2,1,6,10,8,9,53,90,60,20,39,133,109
0,0,0,0,0,0,0,0,0,0,0,0,0,0,0,0,0,0,0,0,0,0,0,0,0,0,0,0,0,0,0,0,0,0,0,0,0,0,0,0,0,0,0,0,0,0,0,0,0,0,0,0,0,0,0,0,0,0,0,0,0,0,0,0,0,1,2,2,4,4,2,8,9,4,2,1,5,5,5,0,0,0,1,2,1,1,1,1,4,4,1,6,14,17,33,55,62,46,33,20,11,14,14,17,34,30,15,8,11,19,21,17,6,0,0,0,0,0,0,1,1,1,0,0,0,2,4,2,4,5,2,1,0,45,51,6,0,1,10,10,9,1,12,12,4,8,13,10,10,9,7,11,10,9,7,7,10,18,73,249,245,67,51,13,8,4,2,1,3,7,7,9,8,3,3,3,9,11,26,39,44,32,64,130,82
0,0,0,0,0,0,0,0,0,0,0,0,0,0,0,0,0,0,0,0,0,0,0,0,0,0,0,0,0,0,0,0,0,0,0,0,0,0,0,0,0,0,0,0,0,0,0,0,0,0,0,0,0,0,0,0,0,0,0,0,0,0,0,0,0,0,0,0,0,1,2,12,14,8,8,6,8,8,6,0,0,1,2,2,1,0,0,1,4,5,3,27,60,66,35,14,5,0,10,11,1,0,0,1,13,21,15,8,11,14,13,16,22,21,30,26,21,18,17,45,66,155,221,129,62,39,28,21,7,5,0,0,3,12,14,22,18,15,32,27,45,44,19,13,3,2,6,8,4,7,7,2,1,1,2,1,1,6,6,7,11,19,15,14,8,3,3,3,3,10,10,8,12,8,2,7,8,9,32,37,19,14,12,8,8
0,0,0,0,0,0,0,0,0,0,0,0,0,0,0,0,0,0,0,0,0,0,0,0,0,0,0,0,0,0,0,0,0,0,0,0,1,1,0,0,0,0,0,0,0,0,0,0,0,0,0,0,0,0,0,0,0,0,0,0,0,0,0,0,0,0,0,0,0,0,0,0,0,3,3,4,5,7,4,17,39,33,25,21,9,5,1,0,7,43,123,155,134,53,16,6,3,1,1,0,0,0,0,1,1,0,0,0,0,0,0,0,2,2,2,0,0,6,14,44,67,182,260,159,112,178,268,199,53,17,41,33,15,27,26,32,33,34,66,51,44,51,19,20,15,3,4,7,7,10,7,2,8,7,5,6,7,6,18,15,19,9,10,14,13,15,20,11,0,1,2,5,6,6,7,7,10,82,103,29,12,3,4,2,2
0,0,0,0,0,0,0,0,0,0,0,0,0,0,0,0,0,0,0,0,0,0,0,0,0,0,0,0,0,0,0,0,0,0,0,0,1,1,0,0,0,0,0,0,0,0,0,0,0,0,0,0,0,0,0,0,0,0,0,0,0,0,0,0,0,0,0,0,0,0,0,0,0,0,0,0,0,2,2,22,39,28,34,29,6,4,4,6,22,125,323,342,284,75,9,5,4,3,1,1,2,2,1,0,0,0,0,0,0,0,0,0,0,0,0,0,0,1,1,0,0,0,3,3,2,3,6,13,13,10,6,4,6,6,3,1,3,10,37,35,11,10,13,25,27,24,60,117,74,3,2,2,7,17,19,15,4,2,1,2,4,5,10,10,3,1,7,8,10,17,11,6,5,8,14,17,50,170,262,253,127,26,0,0,0
0,0,0,0,0,0,0,0,0,0,0,0,0,0,0,0,0,0,0,0,0,0,0,0,0,0,0,0,0,0,0,0,0,0,0,0,0,0,0,0,0,0,0,0,0,0,0,0,0,0,0,0,0,0,0,0,0,0,0,0,0,0,0,0,0,0,0,0,0,0,0,0,0,0,0,0,0,0,0,1,2,8,29,34,27,28,23,17,19,29,53,73,56,14,6,7,3,3,1,1,3,3,1,0,0,0,0,0,0,0,0,1,1,0,0,0,0,1,1,0,0,0,0,0,0,0,0,1,1,1,0,0,0,1,1,0,0,0,0,1,1,1,1,3,4,2,4,26,23,0,2,8,8,19,14,14,8,15,20,29,24,14,6,22,24,4,7,7,14,22,10,0,0,1,2,6,7,19,35,46,33,2,3,1,0
0,0,0,0,0,0,0,0,0,0,0,0,0,0,0,0,0,0,0,0,0,0,0,0,0,0,0,0,0,0,0,0,0,0,0,0,0,0,0,0,0,0,0,0,0,0,0,0,0,0,0,0,0,0,0,0,0,0,0,0,0,0,0,0,0,0,0,0,0,0,0,0,0,0,0,0,0,0,0,0,1,2,7,19,29,32,22,18,16,22,11,1,2,1,5,10,7,10,7,0,1,2,1,1,0,0,0,0,0,0,0,0,0,0,0,0,0,0,0,0,0,0,0,0,0,0,0,1,1,1,0,0,0,0,0,0,0,0,0,0,0,0,0,1,1,1,1,0,0,0,2,7,8,7,2,1,7,15,26,103,96,21,10,34,57,43,22,12,20,33,24,3,4,6,7,10,29,28,56,46,13,2,3,1,0
0,0,0,0,0,0,0,0,0,0,0,0,0,0,0,0,0,0,0,0,0,0,0,0,0,0,0,0,0,0,0,0,0,0,0,0,0,0,0,0,0,0,0,0,0,0,0,0,0,0,0,0,0,0,0,0,0,0,0,0,0,0,0,0,0,0,0,0,0,0,0,0,0,0,0,0,0,0,0,0,0,0,0,0,4,9,23,87,84,17,6,7,6,5,5,6,6,9,6,0,0,2,3,3,1,0,0,0,0,0,0,0,0,0,0,0,0,0,0,0,0,0,0,0,0,0,0,0,0,0,0,0,0,0,0,0,0,0,0,0,0,0,0,0,0,1,1,0,0,0,0,0,1,1,0,1,1,0,0,54,91,45,8,21,43,34,12,0,0,0,0,1,1,1,0,0,0,3,3,1,1,0,0,0,0
0,0,0,0,0,0,0,0,0,0,0,0,0,0,0,0,0,0,0,0,0,0,0,0,0,0,0,0,0,0,0,0,0,0,0,0,0,0,0,0,0,0,0,0,0,0,0,0,0,0,0,0,0,0,0,0,0,0,0,0,0,0,0,0,0,0,0,0,0,0,0,0,0,0,0,0,0,0,0,0,0,0,0,0,0,1,7,62,83,52,40,53,87,77,38,19,9,8,0,1,1,1,1,2,1,0,0,0,0,0,0,0,0,0,0,0,0,0,0,0,0,1,1,0,0,0,0,0,0,0,0,0,0,0,0,0,0,0,0,0,0,0,0,0,0,0,0,0,0,0,0,0,0,0,0,1,1,0,0,27,7,3,0,0,0,0,1,2,2,2,1,2,2,1,0,0,0,0,0,0,0,0,0,0,0

 Photos per 1km square starting at 50.928307 degrees latitude and -2.970453 degrees longitude 
and finishing at 50.576631 degrees latitude -1.923294 degrees longtitude
Latitude intervals of 0.008983 and longitude of 0.005683